x_m,y_m,w_tr_right_m,w_tr_left_m
-5.06,0.09000000000000075,1.101135777277262,1.101135777277262
-5.06,0.040000000000000924,1.1,1.1
-5.06,-0.009999999999999787,1.1,1.1
-5.06,-0.05999999999999961,1.1,1.1
-5.01,-0.10999999999999943,1.1,1.1
-5.01,-0.15999999999999925,1.1,1.1
-5.01,-0.20999999999999908,1.1,1.1
-4.959999999999999,-0.2599999999999998,1.1,1.1
-4.959999999999999,-0.3099999999999996,1.1,1.1
-4.909999999999999,-0.35999999999999943,1.1,1.1
-4.859999999999999,-0.40999999999999925,1.1,1.1
-4.859999999999999,-0.4599999999999995,1.1,1.1
-4.81,-0.5099999999999993,1.0920164833920778,1.0920164833920778
-4.76,-0.5099999999999993,1.0793516572461452,1.0793516572461452
-4.709999999999999,-0.5099999999999993,1.0688779163215976,1.0688779163215976
-4.659999999999999,-0.5599999999999996,1.0606601717798214,1.0606601717798214
-4.609999999999999,-0.6099999999999994,1.0547511554864495,1.0547511554864495
-4.56,-0.6099999999999994,1.051189802081432,1.051189802081432
-4.51,-0.6099999999999994,1.05,1.05
-4.459999999999999,-0.6599999999999993,1.05,1.05
-4.41,-0.6599999999999993,1.044030650891055,1.044030650891055
-4.359999999999999,-0.7099999999999995,1.0307764064044151,1.0307764064044151
-4.31,-0.7099999999999995,1.019803902718557,1.019803902718557
-4.26,-0.7099999999999995,1.0111874208078342,1.0111874208078342
-4.209999999999999,-0.7599999999999993,1.004987562112089,1.004987562112089
-4.159999999999999,-0.7599999999999993,1.0012492197250393,1.0012492197250393
-4.109999999999999,-0.7599999999999993,0.9962429422585638,0.9962429422585638
-4.06,-0.8099999999999996,0.982344135219425,0.982344135219425
-4.01,-0.8099999999999996,0.9500000000000001,0.9500000000000001
-3.9599999999999995,-0.8099999999999996,0.9500000000000001,0.9500000000000001
-3.9099999999999993,-0.8099999999999996,0.9513148795220223,0.9513148795220223
-3.8599999999999994,-0.8099999999999996,0.95524865872714,0.95524865872714
-3.8099999999999996,-0.8599999999999994,0.9617692030835672,0.9617692030835672
-3.7599999999999993,-0.8599999999999994,0.97082439194738,0.97082439194738
-3.7099999999999995,-0.8599999999999994,0.982344135219425,0.982344135219425
-3.6599999999999993,-0.8599999999999994,0.982344135219425,0.982344135219425
-3.6099999999999994,-0.8599999999999994,0.97082439194738,0.97082439194738
-3.5599999999999996,-0.8599999999999994,0.9617692030835672,0.9617692030835672
-3.5099999999999993,-0.8599999999999994,0.9962429422585638,0.9962429422585638
-3.4599999999999995,-0.8599999999999994,0.9962429422585638,0.9962429422585638
-3.4099999999999993,-0.8599999999999994,0.982344135219425,0.982344135219425
-3.3599999999999994,-0.8599999999999994,0.97082439194738,0.97082439194738
-3.3099999999999996,-0.8599999999999994,1.0111874208078342,1.0111874208078342
-3.2599999999999993,-0.8599999999999994,0.9962429422585638,0.9962429422585638
-3.2099999999999995,-0.8599999999999994,1.0295630140987002,1.0295630140987002
-3.1599999999999993,-0.8599999999999994,1.019803902718557,1.019803902718557
-3.1099999999999994,-0.8599999999999994,1.0062305898749055,1.0062305898749055
-3.0599999999999996,-0.8599999999999994,1.0307764064044151,1.0307764064044151
-3.0099999999999993,-0.8599999999999994,1.051189802081432,1.051189802081432
-2.9599999999999995,-0.8599999999999994,1.044030650891055,1.044030650891055
-2.9099999999999993,-0.8599999999999994,1.0547511554864495,1.0547511554864495
-2.8599999999999994,-0.8599999999999994,1.0404326023342407,1.0404326023342407
-2.8099999999999996,-0.8599999999999994,1.0307764064044151,1.0307764064044151
-2.7599999999999993,-0.8599999999999994,1.0259142264341596,1.0259142264341596
-2.7099999999999995,-0.8599999999999994,1.0124228365658294,1.0124228365658294
-2.6599999999999993,-0.8599999999999994,1.0,1.0
-2.6099999999999994,-0.8599999999999994,0.9924716620639604,0.9924716620639604
-2.5599999999999996,-0.8599999999999994,0.9861541461658011,0.9861541461658011
-2.51,-0.8599999999999994,0.97082439194738,0.97082439194738
-2.459999999999999,-0.8599999999999994,0.9604686356149273,0.9604686356149273
-2.4099999999999993,-0.8599999999999994,0.97082439194738,0.97082439194738
-2.3599999999999994,-0.8599999999999994,0.97082439194738,0.97082439194738
-2.3099999999999996,-0.8599999999999994,0.9604686356149273,0.9604686356149273
-2.26,-0.8599999999999994,0.95524865872714,0.95524865872714
-2.209999999999999,-0.8599999999999994,0.9604686356149273,0.9604686356149273
-2.1599999999999993,-0.8599999999999994,0.9433981132056604,0.9433981132056604
-2.1099999999999994,-0.8599999999999994,0.9433981132056604,0.9433981132056604
-2.0599999999999996,-0.8599999999999994,0.9604686356149273,0.9604686356149273
-2.01,-0.8599999999999994,0.9394147114027969,0.9394147114027969
-1.959999999999999,-0.8599999999999994,0.9617692030835672,0.9617692030835672
-1.9099999999999993,-0.8599999999999994,0.9394147114027969,0.9394147114027969
-1.8599999999999994,-0.8599999999999994,0.9617692030835672,0.9617692030835672
-1.8099999999999996,-0.8599999999999994,0.9486832980505139,0.9486832980505139
-1.759999999999999,-0.8599999999999994,0.9340770846134703,0.9340770846134703
-1.709999999999999,-0.8599999999999994,0.9656603957913984,0.9656603957913984
-1.6599999999999993,-0.8599999999999994,0.9486832980505139,0.9486832980505139
-1.6099999999999994,-0.8599999999999994,0.9340770846134703,0.9340770846134703
-1.5599999999999996,-0.8599999999999994,0.97082439194738,0.97082439194738
-1.509999999999999,-0.8599999999999994,0.9617692030835672,0.9617692030835672
-1.459999999999999,-0.8599999999999994,0.9962429422585638,0.9962429422585638
-1.4099999999999993,-0.8599999999999994,0.982344135219425,0.982344135219425
-1.3599999999999994,-0.8599999999999994,0.97082439194738,0.97082439194738
-1.3099999999999996,-0.8599999999999994,0.9617692030835672,0.9617692030835672
-1.259999999999999,-0.8599999999999994,1.004987562112089,1.004987562112089
-1.209999999999999,-0.8599999999999994,0.9962429422585638,0.9962429422585638
-1.1599999999999993,-0.8599999999999994,1.0307764064044151,1.0307764064044151
-1.1099999999999994,-0.8599999999999994,1.019803902718557,1.019803902718557
-1.0599999999999996,-0.8599999999999994,1.0111874208078342,1.0111874208078342
-1.009999999999999,-0.8599999999999994,1.0547511554864495,1.0547511554864495
-0.9599999999999991,-0.8599999999999994,1.044030650891055,1.044030650891055
-0.9099999999999993,-0.8599999999999994,1.0307764064044151,1.0307764064044151
-0.8599999999999994,-0.8599999999999994,1.019803902718557,1.019803902718557
-0.8099999999999996,-0.8599999999999994,1.0606601717798214,1.0606601717798214
-0.7599999999999989,-0.8599999999999994,1.0547511554864495,1.0547511554864495
-0.7099999999999991,-0.8599999999999994,1.044030650891055,1.044030650891055
-0.6599999999999993,-0.8599999999999994,1.0307764064044151,1.0307764064044151
-0.6099999999999994,-0.8599999999999994,1.0688779163215976,1.0688779163215976
-0.5599999999999996,-0.8599999999999994,1.0606601717798214,1.0606601717798214
-0.5099999999999989,-0.8599999999999994,1.0547511554864495,1.0547511554864495
-0.4599999999999991,-0.8599999999999994,1.051189802081432,1.051189802081432
-0.40999999999999925,-0.8599999999999994,1.05,1.05
-0.35999999999999943,-0.8599999999999994,1.05,1.05
-0.3099999999999996,-0.8599999999999994,1.05,1.05
-0.2599999999999989,-0.8599999999999994,1.044030650891055,1.044030650891055
-0.20999999999999908,-0.8599999999999994,1.0307764064044151,1.0307764064044151
-0.15999999999999925,-0.8599999999999994,1.0688779163215976,1.0688779163215976
-0.10999999999999943,-0.8599999999999994,1.0606601717798214,1.0606601717798214
-0.05999999999999961,-0.8599999999999994,1.0547511554864495,1.0547511554864495
-0.009999999999998899,-0.8599999999999994,1.051189802081432,1.051189802081432
0.040000000000000924,-0.8599999999999994,1.05,1.05
0.09000000000000075,-0.8599999999999994,1.05,1.05
0.14000000000000057,-0.8599999999999994,1.05,1.05
0.1900000000000004,-0.8599999999999994,1.051189802081432,1.051189802081432
0.2400000000000011,-0.8599999999999994,1.0547511554864495,1.0547511554864495
0.2900000000000009,-0.8599999999999994,1.0606601717798214,1.0606601717798214
0.34000000000000075,-0.8599999999999994,1.0688779163215976,1.0688779163215976
0.39000000000000057,-0.8599999999999994,1.0793516572461452,1.0793516572461452
0.4400000000000004,-0.8599999999999994,1.0920164833920778,1.0920164833920778
0.4900000000000011,-0.8599999999999994,1.1,1.1
0.5400000000000009,-0.8599999999999994,1.1,1.1
0.5900000000000007,-0.8599999999999994,1.1,1.1
0.6400000000000006,-0.8599999999999994,1.0688779163215976,1.0688779163215976
0.6900000000000004,-0.8599999999999994,1.0793516572461452,1.0793516572461452
0.7400000000000011,-0.8599999999999994,1.0920164833920778,1.0920164833920778
0.7900000000000009,-0.8599999999999994,1.1067971810589328,1.1067971810589328
0.8400000000000007,-0.8599999999999994,1.110180165558726,1.110180165558726
0.8900000000000006,-0.8599999999999994,1.104536101718726,1.104536101718726
0.9400000000000004,-0.8599999999999994,1.101135777277262,1.101135777277262
0.9900000000000011,-0.8599999999999994,1.0920164833920778,1.0920164833920778
1.040000000000001,-0.8599999999999994,1.1280514172678477,1.1280514172678477
1.0900000000000007,-0.8099999999999996,1.118033988749895,1.118033988749895
1.1400000000000006,-0.8099999999999996,1.1236102527122116,1.1236102527122116
1.1900000000000004,-0.8099999999999996,1.140175425099138,1.140175425099138
1.240000000000001,-0.8099999999999996,1.1067971810589328,1.1067971810589328
1.290000000000001,-0.8099999999999996,1.0770329614269007,1.0770329614269007
1.3400000000000007,-0.8099999999999996,1.0965856099730655,1.0965856099730655
1.3900000000000006,-0.8099999999999996,1.0735455276791945,1.0735455276791945
1.4400000000000004,-0.8099999999999996,1.051189802081432,1.051189802081432
1.490000000000001,-0.8099999999999996,1.0295630140987002,1.0295630140987002
1.54,-0.8099999999999996,1.0062305898749055,1.0062305898749055
1.5900000000000007,-0.8099999999999996,0.9848857801796105,0.9848857801796105
1.6400000000000015,-0.8099999999999996,0.9617692030835672,0.9617692030835672
1.6900000000000004,-0.8099999999999996,0.9433981132056604,0.9433981132056604
1.740000000000001,-0.8099999999999996,0.9300537618869138,0.9300537618869138
1.79,-0.8099999999999996,0.9013878188659974,0.9013878188659974
1.8400000000000007,-0.8099999999999996,0.873212459828649,0.873212459828649
1.8900000000000015,-0.8099999999999996,0.8602325267042628,0.8602325267042628
1.9400000000000004,-0.8099999999999996,0.8514693182963202,0.8514693182963202
1.990000000000001,-0.8099999999999996,0.8246211251235321,0.8246211251235321
2.04,-0.7599999999999993,0.8062257748298549,0.8062257748298549
2.0900000000000007,-0.7599999999999993,0.7905694150420949,0.7905694150420949
2.1400000000000015,-0.7599999999999993,0.7810249675906654,0.7810249675906654
2.1900000000000004,-0.7599999999999993,0.7632168761236874,0.7632168761236874
2.240000000000001,-0.7599999999999993,0.7433034373659253,0.7433034373659253
2.29,-0.7599999999999993,0.7433034373659253,0.7433034373659253
2.3400000000000007,-0.7599999999999993,0.7433034373659253,0.7433034373659253
2.3900000000000015,-0.7599999999999993,0.73824115301167,0.73824115301167
2.4400000000000004,-0.7599999999999993,0.7211102550927979,0.7211102550927979
2.490000000000001,-0.7599999999999993,0.7106335201775948,0.7106335201775948
2.54,-0.7599999999999993,0.7071067811865476,0.7071067811865476
2.5900000000000007,-0.7599999999999993,0.7071067811865476,0.7071067811865476
2.6400000000000015,-0.7599999999999993,0.7071067811865476,0.7071067811865476
2.6900000000000004,-0.7599999999999993,0.7071067811865476,0.7071067811865476
2.740000000000001,-0.7599999999999993,0.7071067811865476,0.7071067811865476
2.79,-0.7599999999999993,0.7211102550927979,0.7211102550927979
2.8400000000000007,-0.7599999999999993,0.73824115301167,0.73824115301167
2.8900000000000015,-0.7599999999999993,0.7433034373659253,0.7433034373659253
2.9400000000000004,-0.7599999999999993,0.7433034373659253,0.7433034373659253
2.990000000000001,-0.8099999999999996,0.7433034373659253,0.7433034373659253
3.040000000000002,-0.8099999999999996,0.7433034373659253,0.7433034373659253
3.0900000000000007,-0.8099999999999996,0.7433034373659253,0.7433034373659253
3.1400000000000015,-0.8099999999999996,0.7615773105863909,0.7615773105863909
3.1900000000000004,-0.8099999999999996,0.7778174593052023,0.7778174593052023
3.240000000000001,-0.8099999999999996,0.7778174593052023,0.7778174593052023
3.290000000000002,-0.8099999999999996,0.7826237921249265,0.7826237921249265
3.3400000000000007,-0.8099999999999996,0.7905694150420949,0.7905694150420949
3.3900000000000015,-0.8099999999999996,0.7905694150420949,0.7905694150420949
3.4400000000000004,-0.8099999999999996,0.8062257748298549,0.8062257748298549
3.490000000000001,-0.8099999999999996,0.8077747210701756,0.8077747210701756
3.540000000000002,-0.8099999999999996,0.7905694150420949,0.7905694150420949
3.5900000000000007,-0.8099999999999996,0.8077747210701756,0.8077747210701756
3.6400000000000015,-0.8099999999999996,0.8139410298049854,0.8139410298049854
3.6900000000000004,-0.8099999999999996,0.8062257748298549,0.8062257748298549
3.740000000000001,-0.8099999999999996,0.8077747210701756,0.8077747210701756
3.790000000000002,-0.8599999999999994,0.8246211251235321,0.8246211251235321
3.8400000000000007,-0.8599999999999994,0.8246211251235321,0.8246211251235321
3.8900000000000015,-0.8599999999999994,0.8139410298049854,0.8139410298049854
3.9400000000000004,-0.8599999999999994,0.8062257748298549,0.8062257748298549
3.990000000000001,-0.8599999999999994,0.8015609770940699,0.8015609770940699
4.040000000000002,-0.8599999999999994,0.8,0.8
4.090000000000001,-0.8599999999999994,0.8062257748298549,0.8062257748298549
4.1400000000000015,-0.8599999999999994,0.8015609770940699,0.8015609770940699
4.19,-0.8599999999999994,0.8,0.8
4.240000000000001,-0.8599999999999994,0.8,0.8
4.290000000000002,-0.8599999999999994,0.8,0.8
4.340000000000001,-0.8599999999999994,0.8,0.8
4.3900000000000015,-0.8599999999999994,0.8,0.8
4.44,-0.8599999999999994,0.8,0.8
4.490000000000001,-0.8599999999999994,0.8,0.8
4.540000000000002,-0.8599999999999994,0.8,0.8
4.590000000000001,-0.8599999999999994,0.8,0.8
4.6400000000000015,-0.8599999999999994,0.8,0.8
4.69,-0.8599999999999994,0.8,0.8
4.740000000000001,-0.8099999999999996,0.8,0.8
4.790000000000002,-0.8099999999999996,0.8,0.8
4.840000000000001,-0.8099999999999996,0.7905694150420949,0.7905694150420949
4.8900000000000015,-0.8099999999999996,0.7762087348130012,0.7762087348130012
4.94,-0.8099999999999996,0.7648529270389178,0.7648529270389178
4.990000000000001,-0.8099999999999996,0.7566372975210779,0.7566372975210779
5.040000000000002,-0.8099999999999996,0.7516648189186454,0.7516648189186454
5.090000000000001,-0.8099999999999996,0.8,0.8
5.1400000000000015,-0.8099999999999996,0.8,0.8
5.19,-0.8099999999999996,0.7905694150420949,0.7905694150420949
5.240000000000001,-0.8099999999999996,0.8077747210701756,0.8077747210701756
5.290000000000002,-0.8099999999999996,0.8062257748298549,0.8062257748298549
5.340000000000001,-0.8099999999999996,0.7905694150420949,0.7905694150420949
5.3900000000000015,-0.8099999999999996,0.8077747210701756,0.8077747210701756
5.44,-0.8099999999999996,0.7905694150420949,0.7905694150420949
5.490000000000001,-0.8099999999999996,0.8062257748298549,0.8062257748298549
5.540000000000002,-0.8099999999999996,0.7826237921249265,0.7826237921249265
5.590000000000001,-0.8099999999999996,0.8062257748298549,0.8062257748298549
5.6400000000000015,-0.8099999999999996,0.7905694150420949,0.7905694150420949
5.69,-0.8099999999999996,0.8062257748298549,0.8062257748298549
5.740000000000001,-0.8099999999999996,0.8077747210701756,0.8077747210701756
5.790000000000002,-0.8099999999999996,0.7905694150420949,0.7905694150420949
5.840000000000001,-0.8099999999999996,0.8246211251235321,0.8246211251235321
5.8900000000000015,-0.8099999999999996,0.8200609733428363,0.8200609733428363
5.94,-0.8099999999999996,0.8139410298049854,0.8139410298049854
5.990000000000001,-0.8599999999999994,0.8200609733428363,0.8200609733428363
6.040000000000002,-0.8599999999999994,0.8200609733428363,0.8200609733428363
6.090000000000001,-0.8599999999999994,0.8139410298049854,0.8139410298049854
6.1400000000000015,-0.8599999999999994,0.8139410298049854,0.8139410298049854
6.19,-0.8599999999999994,0.8139410298049854,0.8139410298049854
6.240000000000001,-0.8599999999999994,0.8139410298049854,0.8139410298049854
6.290000000000002,-0.8599999999999994,0.8139410298049854,0.8139410298049854
6.340000000000001,-0.8599999999999994,0.8139410298049854,0.8139410298049854
6.3900000000000015,-0.8599999999999994,0.8139410298049854,0.8139410298049854
6.44,-0.8599999999999994,0.8139410298049854,0.8139410298049854
6.490000000000001,-0.8599999999999994,0.8139410298049854,0.8139410298049854
6.540000000000002,-0.8599999999999994,0.8139410298049854,0.8139410298049854
6.590000000000001,-0.8599999999999994,0.8139410298049854,0.8139410298049854
6.6400000000000015,-0.8599999999999994,0.8139410298049854,0.8139410298049854
6.69,-0.8599999999999994,0.8200609733428363,0.8200609733428363
6.740000000000001,-0.8599999999999994,0.8321658488546619,0.8321658488546619
6.790000000000002,-0.8599999999999994,0.848528137423857,0.848528137423857
6.840000000000001,-0.8599999999999994,0.848528137423857,0.848528137423857
6.8900000000000015,-0.8599999999999994,0.848528137423857,0.848528137423857
6.94,-0.8599999999999994,0.848528137423857,0.848528137423857
6.990000000000001,-0.8599999999999994,0.8500000000000001,0.8500000000000001
7.040000000000002,-0.8599999999999994,0.8602325267042628,0.8602325267042628
7.090000000000001,-0.8099999999999996,0.8500000000000001,0.8500000000000001
7.1400000000000015,-0.8099999999999996,0.848528137423857,0.848528137423857
7.19,-0.8099999999999996,0.8514693182963202,0.8514693182963202
7.240000000000001,-0.8599999999999994,0.8514693182963202,0.8514693182963202
7.290000000000002,-0.8599999999999994,0.848528137423857,0.848528137423857
7.340000000000001,-0.8599999999999994,0.8500000000000001,0.8500000000000001
7.3900000000000015,-0.8599999999999994,0.8602325267042628,0.8602325267042628
7.44,-0.8599999999999994,0.8746427842267951,0.8746427842267951
7.490000000000001,-0.8599999999999994,0.873212459828649,0.873212459828649
7.540000000000002,-0.8599999999999994,0.873212459828649,0.873212459828649
7.590000000000001,-0.8599999999999994,0.8746427842267951,0.8746427842267951
7.6400000000000015,-0.8599999999999994,0.8602325267042628,0.8602325267042628
7.69,-0.8599999999999994,0.8746427842267951,0.8746427842267951
7.740000000000001,-0.8599999999999994,0.8845903006477066,0.8845903006477066
7.790000000000002,-0.8599999999999994,0.8746427842267951,0.8746427842267951
7.840000000000001,-0.8599999999999994,0.8746427842267951,0.8746427842267951
7.8900000000000015,-0.8599999999999994,0.8746427842267951,0.8746427842267951
7.94,-0.8599999999999994,0.8602325267042628,0.8602325267042628
7.990000000000001,-0.8599999999999994,0.8500000000000001,0.8500000000000001
8.040000000000003,-0.8599999999999994,0.8321658488546619,0.8321658488546619
8.09,-0.8599999999999994,0.8200609733428363,0.8200609733428363
8.14,-0.9099999999999993,0.8139410298049854,0.8139410298049854
8.190000000000001,-0.9099999999999993,0.8139410298049854,0.8139410298049854
8.240000000000002,-0.9099999999999993,0.7905694150420949,0.7905694150420949
8.290000000000003,-0.9099999999999993,0.7905694150420949,0.7905694150420949
8.34,-0.9099999999999993,0.7648529270389178,0.7648529270389178
8.39,-0.9099999999999993,0.7762087348130012,0.7762087348130012
8.440000000000001,-0.9099999999999993,0.7615773105863909,0.7615773105863909
8.490000000000002,-0.8599999999999994,0.7433034373659253,0.7433034373659253
8.540000000000003,-0.8599999999999994,0.7280109889280518,0.7280109889280518
8.59,-0.8599999999999994,0.7158910531638177,0.7158910531638177
8.64,-0.8599999999999994,0.7071067811865476,0.7071067811865476
8.690000000000001,-0.8599999999999994,0.70178344238091,0.70178344238091
8.740000000000002,-0.8599999999999994,0.7000000000000001,0.7000000000000001
8.790000000000003,-0.8599999999999994,0.7000000000000001,0.7000000000000001
8.84,-0.8599999999999994,0.7000000000000001,0.7000000000000001
8.89,-0.8599999999999994,0.65,0.65
8.940000000000001,-0.8599999999999994,0.65,0.65
8.990000000000002,-0.8599999999999994,0.65,0.65
9.040000000000003,-0.8599999999999994,0.651920240520265,0.651920240520265
9.09,-0.8599999999999994,0.6576473218982953,0.6576473218982953
9.14,-0.8599999999999994,0.6670832032063168,0.6670832032063168
9.190000000000001,-0.8599999999999994,0.6670832032063168,0.6670832032063168
9.240000000000002,-0.8599999999999994,0.65,0.65
9.290000000000003,-0.8599999999999994,0.670820393249937,0.670820393249937
9.34,-0.8599999999999994,0.6670832032063168,0.6670832032063168
9.39,-0.8599999999999994,0.6800735254367722,0.6800735254367722
9.440000000000001,-0.8599999999999994,0.6800735254367722,0.6800735254367722
9.490000000000002,-0.8599999999999994,0.7071067811865476,0.7071067811865476
9.540000000000003,-0.8099999999999996,0.7071067811865476,0.7071067811865476
9.590000000000003,-0.8099999999999996,0.7280109889280518,0.7280109889280518
9.64,-0.8099999999999996,0.7433034373659253,0.7433034373659253
9.690000000000001,-0.8099999999999996,0.75,0.75
9.740000000000002,-0.8099999999999996,0.73824115301167,0.73824115301167
9.790000000000003,-0.8099999999999996,0.7615773105863909,0.7615773105863909
9.840000000000003,-0.8099999999999996,0.7778174593052023,0.7778174593052023
9.89,-0.8099999999999996,0.7615773105863909,0.7615773105863909
9.940000000000001,-0.8099999999999996,0.7433034373659253,0.7433034373659253
9.990000000000002,-0.7599999999999993,0.7762087348130012,0.7762087348130012
10.040000000000003,-0.7599999999999993,0.7648529270389178,0.7648529270389178
10.090000000000003,-0.7599999999999993,0.7566372975210779,0.7566372975210779
10.14,-0.7599999999999993,0.75,0.75
10.190000000000001,-0.7599999999999993,0.75,0.75
10.240000000000002,-0.7099999999999995,0.75,0.75
10.290000000000003,-0.7099999999999995,0.75,0.75
10.340000000000003,-0.6599999999999993,0.75,0.75
10.39,-0.6599999999999993,0.75,0.75
10.440000000000001,-0.6599999999999993,0.75,0.75
10.490000000000002,-0.6099999999999994,0.75,0.75
10.540000000000003,-0.6099999999999994,0.75,0.75
10.590000000000003,-0.6099999999999994,0.75,0.75
10.64,-0.5599999999999996,0.75,0.75
10.690000000000001,-0.5599999999999996,0.7516648189186454,0.7516648189186454
10.740000000000002,-0.5099999999999993,0.7566372975210779,0.7566372975210779
10.790000000000003,-0.5099999999999993,0.7648529270389178,0.7648529270389178
10.840000000000003,-0.4599999999999995,0.7762087348130012,0.7762087348130012
10.89,-0.4599999999999995,0.7905694150420949,0.7905694150420949
10.940000000000001,-0.40999999999999925,0.7905694150420949,0.7905694150420949
10.990000000000002,-0.35999999999999943,0.8,0.8
11.040000000000003,-0.35999999999999943,0.8,0.8
11.090000000000003,-0.3099999999999996,0.8,0.8
11.14,-0.2599999999999998,0.8,0.8
11.190000000000001,-0.20999999999999908,0.8,0.8
11.240000000000002,-0.15999999999999925,0.8,0.8
11.290000000000003,-0.10999999999999943,0.75,0.75
11.340000000000003,-0.05999999999999961,0.7516648189186454,0.7516648189186454
11.39,-0.009999999999999787,0.7566372975210779,0.7566372975210779
11.440000000000001,0.040000000000000924,0.7648529270389178,0.7648529270389178
11.490000000000002,0.09000000000000075,0.7762087348130012,0.7762087348130012
11.540000000000003,0.14000000000000057,0.7648529270389178,0.7648529270389178
11.590000000000003,0.1900000000000004,0.7566372975210779,0.7566372975210779
11.590000000000003,0.2400000000000002,0.7433034373659253,0.7433034373659253
11.64,0.2900000000000009,0.7762087348130012,0.7762087348130012
11.690000000000001,0.34000000000000075,0.7615773105863909,0.7615773105863909
11.740000000000002,0.39000000000000057,0.7905694150420949,0.7905694150420949
11.740000000000002,0.4400000000000004,0.7810249675906654,0.7810249675906654
11.790000000000003,0.4900000000000011,0.7778174593052023,0.7778174593052023
11.840000000000003,0.5400000000000009,0.7778174593052023,0.7778174593052023
11.89,0.5900000000000007,0.7810249675906654,0.7810249675906654
11.940000000000001,0.6400000000000006,0.7632168761236874,0.7632168761236874
11.990000000000002,0.6900000000000004,0.7632168761236874,0.7632168761236874
12.040000000000003,0.7400000000000011,0.7433034373659253,0.7433034373659253
12.090000000000003,0.7900000000000009,0.7615773105863909,0.7615773105863909
12.14,0.8400000000000007,0.7280109889280518,0.7280109889280518
12.190000000000001,0.8900000000000006,0.7433034373659253,0.7433034373659253
12.240000000000002,0.9400000000000004,0.7433034373659253,0.7433034373659253
12.290000000000003,0.9900000000000011,0.7280109889280518,0.7280109889280518
12.340000000000003,1.040000000000001,0.7000000000000001,0.7000000000000001
12.39,1.040000000000001,0.70178344238091,0.70178344238091
12.440000000000001,1.0900000000000007,0.7071067811865476,0.7071067811865476
12.490000000000002,1.0900000000000007,0.7158910531638177,0.7158910531638177
12.540000000000003,1.1400000000000006,0.7280109889280518,0.7280109889280518
12.590000000000003,1.1900000000000004,0.7433034373659253,0.7433034373659253
12.640000000000004,1.1900000000000004,0.7516648189186454,0.7516648189186454
12.690000000000001,1.1900000000000004,0.7566372975210779,0.7566372975210779
12.740000000000002,1.240000000000001,0.7648529270389178,0.7648529270389178
12.790000000000003,1.240000000000001,0.7762087348130012,0.7762087348130012
12.840000000000003,1.240000000000001,0.7905694150420949,0.7905694150420949
12.890000000000004,1.240000000000001,0.8015609770940699,0.8015609770940699
12.940000000000001,1.240000000000001,0.7905694150420949,0.7905694150420949
12.990000000000002,1.290000000000001,0.8062257748298549,0.8062257748298549
13.040000000000003,1.290000000000001,0.8246211251235321,0.8246211251235321
13.090000000000003,1.290000000000001,0.8381527307120106,0.8381527307120106
13.140000000000004,1.290000000000001,0.8544003745317531,0.8544003745317531
13.190000000000001,1.290000000000001,0.8544003745317531,0.8544003745317531
13.240000000000002,1.290000000000001,0.873212459828649,0.873212459828649
13.290000000000003,1.290000000000001,0.894427190999916,0.894427190999916
13.340000000000003,1.290000000000001,0.912414379544733,0.912414379544733
13.390000000000004,1.290000000000001,0.9219544457292888,0.9219544457292888
13.440000000000001,1.290000000000001,0.9192388155425117,0.9192388155425117
13.490000000000002,1.290000000000001,0.9013878188659974,0.9013878188659974
13.540000000000003,1.290000000000001,0.9192388155425117,0.9192388155425117
13.590000000000003,1.290000000000001,0.9219544457292888,0.9219544457292888
13.640000000000004,1.290000000000001,0.912414379544733,0.912414379544733
13.690000000000001,1.3400000000000007,0.9013878188659974,0.9013878188659974
13.740000000000002,1.3400000000000007,0.8860022573334675,0.8860022573334675
13.790000000000003,1.3400000000000007,0.9219544457292888,0.9219544457292888
13.840000000000003,1.3400000000000007,0.9617692030835672,0.9617692030835672
13.890000000000004,1.3400000000000007,0.9433981132056604,0.9433981132056604
13.940000000000001,1.3400000000000007,0.9300537618869138,0.9300537618869138
13.990000000000002,1.3400000000000007,0.9219544457292888,0.9219544457292888
14.040000000000003,1.3400000000000007,0.9192388155425117,0.9192388155425117
14.090000000000003,1.3400000000000007,0.9178779875342911,0.9178779875342911
14.140000000000004,1.3400000000000007,0.9013878188659974,0.9013878188659974
14.190000000000001,1.3400000000000007,0.890224690738243,0.890224690738243
14.240000000000002,1.3400000000000007,0.8746427842267951,0.8746427842267951
14.290000000000003,1.3400000000000007,0.8602325267042628,0.8602325267042628
14.340000000000003,1.3400000000000007,0.848528137423857,0.848528137423857
14.390000000000004,1.3400000000000007,0.848528137423857,0.848528137423857
14.440000000000001,1.3400000000000007,0.8321658488546619,0.8321658488546619
14.490000000000002,1.3400000000000007,0.8200609733428363,0.8200609733428363
14.540000000000003,1.3400000000000007,0.8062257748298549,0.8062257748298549
14.590000000000003,1.3400000000000007,0.7905694150420949,0.7905694150420949
14.640000000000004,1.3400000000000007,0.7810249675906654,0.7810249675906654
14.690000000000001,1.3400000000000007,0.7778174593052023,0.7778174593052023
14.740000000000002,1.3400000000000007,0.7810249675906654,0.7810249675906654
14.790000000000003,1.3900000000000006,0.7905694150420949,0.7905694150420949
14.840000000000003,1.3900000000000006,0.7826237921249265,0.7826237921249265
14.890000000000004,1.3900000000000006,0.7778174593052023,0.7778174593052023
14.940000000000001,1.3900000000000006,0.7810249675906654,0.7810249675906654
14.990000000000002,1.3900000000000006,0.7632168761236874,0.7632168761236874
15.040000000000003,1.3900000000000006,0.7632168761236874,0.7632168761236874
15.090000000000003,1.4400000000000004,0.7810249675906654,0.7810249675906654
15.140000000000004,1.4400000000000004,0.7648529270389178,0.7648529270389178
15.190000000000001,1.490000000000001,0.7632168761236874,0.7632168761236874
15.240000000000002,1.490000000000001,0.7433034373659253,0.7433034373659253
15.290000000000003,1.540000000000001,0.7566372975210779,0.7566372975210779
15.340000000000003,1.540000000000001,0.73824115301167,0.73824115301167
15.390000000000004,1.5900000000000007,0.7280109889280518,0.7280109889280518
15.390000000000004,1.6400000000000006,0.73824115301167,0.73824115301167
15.390000000000004,1.6900000000000004,0.7158910531638177,0.7158910531638177
15.390000000000004,1.740000000000001,0.73824115301167,0.73824115301167
15.390000000000004,1.790000000000001,0.7158910531638177,0.7158910531638177
15.390000000000004,1.8400000000000007,0.7433034373659253,0.7433034373659253
15.390000000000004,1.8900000000000006,0.7280109889280518,0.7280109889280518
15.390000000000004,1.9400000000000004,0.7615773105863909,0.7615773105863909
15.390000000000004,1.990000000000001,0.7433034373659253,0.7433034373659253
15.390000000000004,2.040000000000001,0.7648529270389178,0.7648529270389178
15.390000000000004,2.0900000000000007,0.7648529270389178,0.7648529270389178
15.390000000000004,2.1400000000000006,0.7566372975210779,0.7566372975210779
15.390000000000004,2.1900000000000004,0.7433034373659253,0.7433034373659253
15.390000000000004,2.240000000000001,0.75,0.75
15.390000000000004,2.290000000000001,0.75,0.75
15.390000000000004,2.3400000000000007,0.7516648189186454,0.7516648189186454
15.390000000000004,2.3900000000000006,0.7433034373659253,0.7433034373659253
15.390000000000004,2.4400000000000004,0.7280109889280518,0.7280109889280518
15.390000000000004,2.490000000000001,0.7158910531638177,0.7158910531638177
15.390000000000004,2.540000000000001,0.7433034373659253,0.7433034373659253
15.340000000000003,2.5900000000000007,0.75,0.75
15.340000000000003,2.6400000000000006,0.7433034373659253,0.7433034373659253
15.340000000000003,2.6900000000000004,0.7280109889280518,0.7280109889280518
15.340000000000003,2.740000000000001,0.7158910531638177,0.7158910531638177
15.340000000000003,2.790000000000001,0.7071067811865476,0.7071067811865476
15.290000000000003,2.8400000000000007,0.70178344238091,0.70178344238091
15.290000000000003,2.8900000000000006,0.7000000000000001,0.7000000000000001
15.240000000000002,2.9400000000000004,0.7000000000000001,0.7000000000000001
15.240000000000002,2.990000000000001,0.7000000000000001,0.7000000000000001
15.190000000000001,3.040000000000001,0.7000000000000001,0.7000000000000001
15.140000000000004,3.040000000000001,0.7000000000000001,0.7000000000000001
15.090000000000003,3.0900000000000007,0.7000000000000001,0.7000000000000001
15.040000000000003,3.0900000000000007,0.7000000000000001,0.7000000000000001
14.990000000000002,3.0900000000000007,0.7000000000000001,0.7000000000000001
14.940000000000001,3.0900000000000007,0.7000000000000001,0.7000000000000001
14.890000000000004,3.1400000000000006,0.7000000000000001,0.7000000000000001
14.840000000000003,3.1400000000000006,0.75,0.75
14.790000000000003,3.1400000000000006,0.75,0.75
14.740000000000002,3.1400000000000006,0.75,0.75
14.690000000000001,3.1400000000000006,0.75,0.75
14.640000000000004,3.1400000000000006,0.75,0.75
14.590000000000003,3.1400000000000006,0.75,0.75
14.540000000000003,3.1400000000000006,0.75,0.75
14.490000000000002,3.1400000000000006,0.7433034373659253,0.7433034373659253
14.440000000000001,3.1400000000000006,0.7280109889280518,0.7280109889280518
14.390000000000004,3.1400000000000006,0.7158910531638177,0.7158910531638177
14.340000000000003,3.1400000000000006,0.7071067811865476,0.7071067811865476
14.290000000000003,3.1400000000000006,0.70178344238091,0.70178344238091
14.240000000000002,3.1400000000000006,0.7000000000000001,0.7000000000000001
14.190000000000001,3.1400000000000006,0.7000000000000001,0.7000000000000001
14.140000000000004,3.1400000000000006,0.7000000000000001,0.7000000000000001
14.090000000000003,3.1400000000000006,0.7000000000000001,0.7000000000000001
14.040000000000003,3.1400000000000006,0.7000000000000001,0.7000000000000001
13.990000000000002,3.1400000000000006,0.7000000000000001,0.7000000000000001
13.940000000000001,3.1400000000000006,0.7000000000000001,0.7000000000000001
13.890000000000004,3.1400000000000006,0.7000000000000001,0.7000000000000001
13.840000000000003,3.1400000000000006,0.7000000000000001,0.7000000000000001
13.790000000000003,3.1400000000000006,0.7000000000000001,0.7000000000000001
13.740000000000002,3.1400000000000006,0.7000000000000001,0.7000000000000001
13.690000000000001,3.1400000000000006,0.7000000000000001,0.7000000000000001
13.640000000000004,3.1400000000000006,0.7000000000000001,0.7000000000000001
13.590000000000003,3.1400000000000006,0.7000000000000001,0.7000000000000001
13.540000000000003,3.1400000000000006,0.7000000000000001,0.7000000000000001
13.490000000000002,3.1400000000000006,0.7000000000000001,0.7000000000000001
13.440000000000001,3.1400000000000006,0.7000000000000001,0.7000000000000001
13.390000000000004,3.1400000000000006,0.70178344238091,0.70178344238091
13.340000000000003,3.1400000000000006,0.70178344238091,0.70178344238091
13.290000000000003,3.1400000000000006,0.7000000000000001,0.7000000000000001
13.240000000000002,3.1400000000000006,0.7000000000000001,0.7000000000000001
13.190000000000001,3.1400000000000006,0.7000000000000001,0.7000000000000001
13.140000000000004,3.1400000000000006,0.7000000000000001,0.7000000000000001
13.090000000000003,3.0900000000000007,0.7000000000000001,0.7000000000000001
13.040000000000003,3.0900000000000007,0.75,0.75
12.990000000000002,3.0900000000000007,0.75,0.75
12.940000000000001,3.0900000000000007,0.75,0.75
12.890000000000004,3.0900000000000007,0.75,0.75
12.840000000000003,3.0900000000000007,0.8,0.8
12.790000000000003,3.0900000000000007,0.8,0.8
12.740000000000002,3.0900000000000007,0.8381527307120106,0.8381527307120106
12.690000000000001,3.0900000000000007,0.848528137423857,0.848528137423857
12.640000000000004,3.0900000000000007,0.8015609770940699,0.8015609770940699
12.590000000000003,3.0900000000000007,0.8062257748298549,0.8062257748298549
12.540000000000003,3.0900000000000007,0.7648529270389178,0.7648529270389178
12.490000000000002,3.0900000000000007,0.7762087348130012,0.7762087348130012
12.440000000000001,3.0900000000000007,0.7826237921249265,0.7826237921249265
12.39,3.0900000000000007,0.7615773105863909,0.7615773105863909
12.340000000000003,3.0900000000000007,0.7433034373659253,0.7433034373659253
12.290000000000003,3.0900000000000007,0.75,0.75
12.240000000000002,3.040000000000001,0.75,0.75
12.190000000000001,3.040000000000001,0.7516648189186454,0.7516648189186454
12.14,3.040000000000001,0.7516648189186454,0.7516648189186454
12.090000000000003,3.040000000000001,0.75,0.75
12.040000000000003,3.040000000000001,0.75,0.75
11.990000000000002,3.040000000000001,0.75,0.75
11.940000000000001,2.990000000000001,0.75,0.75
11.89,2.990000000000001,0.75,0.75
11.840000000000003,2.990000000000001,0.7516648189186454,0.7516648189186454
11.790000000000003,2.990000000000001,0.7566372975210779,0.7566372975210779
11.740000000000002,2.9400000000000004,0.7648529270389178,0.7648529270389178
11.690000000000001,2.9400000000000004,0.7762087348130012,0.7762087348130012
11.64,2.8900000000000006,0.7905694150420949,0.7905694150420949
11.590000000000003,2.8900000000000006,0.8,0.8
11.540000000000003,2.8400000000000007,0.8,0.8
11.490000000000002,2.8400000000000007,0.8,0.8
11.440000000000001,2.790000000000001,0.8,0.8
11.39,2.790000000000001,0.8,0.8
11.340000000000003,2.790000000000001,0.8,0.8
11.290000000000003,2.740000000000001,0.8500000000000001,0.8500000000000001
11.240000000000002,2.740000000000001,0.8500000000000001,0.8500000000000001
11.190000000000001,2.740000000000001,0.8,0.8
11.14,2.6900000000000004,0.8,0.8
11.090000000000003,2.6900000000000004,0.75,0.75
11.040000000000003,2.6400000000000006,0.75,0.75
10.990000000000002,2.5900000000000007,0.70178344238091,0.70178344238091
10.940000000000001,2.5900000000000007,0.7071067811865476,0.7071067811865476
10.89,2.540000000000001,0.7158910531638177,0.7158910531638177
10.840000000000003,2.490000000000001,0.7280109889280518,0.7280109889280518
10.790000000000003,2.490000000000001,0.7433034373659253,0.7433034373659253
10.740000000000002,2.4400000000000004,0.7280109889280518,0.7280109889280518
10.690000000000001,2.3900000000000006,0.7000000000000001,0.7000000000000001
10.64,2.3400000000000007,0.7000000000000001,0.7000000000000001
10.590000000000003,2.3400000000000007,0.7000000000000001,0.7000000000000001
10.540000000000003,2.290000000000001,0.7000000000000001,0.7000000000000001
10.490000000000002,2.240000000000001,0.7000000000000001,0.7000000000000001
10.440000000000001,2.1900000000000004,0.7000000000000001,0.7000000000000001
10.39,2.1400000000000006,0.7000000000000001,0.7000000000000001
10.340000000000003,2.0900000000000007,0.7000000000000001,0.7000000000000001
10.290000000000003,2.040000000000001,0.7000000000000001,0.7000000000000001
10.240000000000002,2.040000000000001,0.7000000000000001,0.7000000000000001
10.190000000000001,1.990000000000001,0.7000000000000001,0.7000000000000001
10.14,1.9400000000000004,0.7000000000000001,0.7000000000000001
10.090000000000003,1.8900000000000006,0.7000000000000001,0.7000000000000001
10.040000000000003,1.8400000000000007,0.7000000000000001,0.7000000000000001
9.990000000000002,1.790000000000001,0.7000000000000001,0.7000000000000001
9.940000000000001,1.740000000000001,0.7000000000000001,0.7000000000000001
9.89,1.6900000000000004,0.7000000000000001,0.7000000000000001
9.840000000000003,1.6400000000000006,0.7000000000000001,0.7000000000000001
9.790000000000003,1.5900000000000007,0.7000000000000001,0.7000000000000001
9.740000000000002,1.540000000000001,0.7000000000000001,0.7000000000000001
9.690000000000001,1.490000000000001,0.7000000000000001,0.7000000000000001
9.64,1.490000000000001,0.7000000000000001,0.7000000000000001
9.590000000000003,1.490000000000001,0.7000000000000001,0.7000000000000001
9.540000000000003,1.490000000000001,0.70178344238091,0.70178344238091
9.490000000000002,1.490000000000001,0.7071067811865476,0.7071067811865476
9.440000000000001,1.4400000000000004,0.7071067811865476,0.7071067811865476
9.39,1.4400000000000004,0.70178344238091,0.70178344238091
9.34,1.4400000000000004,0.7000000000000001,0.7000000000000001
9.290000000000003,1.4400000000000004,0.7000000000000001,0.7000000000000001
9.240000000000002,1.3900000000000006,0.70178344238091,0.70178344238091
9.190000000000001,1.3900000000000006,0.70178344238091,0.70178344238091
9.14,1.3900000000000006,0.7000000000000001,0.7000000000000001
9.09,1.4400000000000004,0.7000000000000001,0.7000000000000001
9.040000000000003,1.4400000000000004,0.7000000000000001,0.7000000000000001
8.990000000000002,1.4400000000000004,0.7000000000000001,0.7000000000000001
8.940000000000001,1.3900000000000006,0.7000000000000001,0.7000000000000001
8.89,1.3900000000000006,0.7071067811865476,0.7071067811865476
8.84,1.4400000000000004,0.7158910531638177,0.7158910531638177
8.790000000000003,1.4400000000000004,0.7280109889280518,0.7280109889280518
8.740000000000002,1.4400000000000004,0.7280109889280518,0.7280109889280518
8.690000000000001,1.4400000000000004,0.7158910531638177,0.7158910531638177
8.64,1.4400000000000004,0.73824115301167,0.73824115301167
8.59,1.4400000000000004,0.7516648189186454,0.7516648189186454
8.540000000000003,1.4400000000000004,0.7433034373659253,0.7433034373659253
8.490000000000002,1.4400000000000004,0.7762087348130012,0.7762087348130012
8.440000000000001,1.4400000000000004,0.7778174593052023,0.7778174593052023
8.39,1.4400000000000004,0.7905694150420949,0.7905694150420949
8.34,1.4400000000000004,0.8139410298049854,0.8139410298049854
8.290000000000003,1.4400000000000004,0.8077747210701756,0.8077747210701756
8.240000000000002,1.490000000000001,0.8381527307120106,0.8381527307120106
8.190000000000001,1.490000000000001,0.848528137423857,0.848528137423857
8.14,1.490000000000001,0.8514693182963202,0.8514693182963202
8.09,1.490000000000001,0.8602325267042628,0.8602325267042628
8.040000000000003,1.540000000000001,0.8746427842267951,0.8746427842267951
7.990000000000001,1.540000000000001,0.8845903006477066,0.8845903006477066
7.94,1.5900000000000007,0.8845903006477066,0.8845903006477066
7.8900000000000015,1.5900000000000007,0.8845903006477066,0.8845903006477066
7.840000000000001,1.6400000000000006,0.8845903006477066,0.8845903006477066
7.790000000000002,1.6900000000000004,0.8746427842267951,0.8746427842267951
7.740000000000001,1.740000000000001,0.8602325267042628,0.8602325267042628
7.69,1.790000000000001,0.8514693182963202,0.8514693182963202
7.6400000000000015,1.8400000000000007,0.8514693182963202,0.8514693182963202
7.590000000000001,1.8900000000000006,0.8602325267042628,0.8602325267042628
7.590000000000001,1.9400000000000004,0.8500000000000001,0.8500000000000001
7.540000000000002,1.990000000000001,0.8276472678623424,0.8276472678623424
7.540000000000002,2.040000000000001,0.8139410298049854,0.8139410298049854
7.540000000000002,2.0900000000000007,0.8062257748298549,0.8062257748298549
7.540000000000002,2.1400000000000006,0.7905694150420949,0.7905694150420949
7.540000000000002,2.1900000000000004,0.7810249675906654,0.7810249675906654
7.540000000000002,2.240000000000001,0.7778174593052023,0.7778174593052023
7.540000000000002,2.290000000000001,0.7778174593052023,0.7778174593052023
7.540000000000002,2.3400000000000007,0.7778174593052023,0.7778174593052023
7.490000000000001,2.3900000000000006,0.7778174593052023,0.7778174593052023
7.490000000000001,2.4400000000000004,0.7778174593052023,0.7778174593052023
7.490000000000001,2.490000000000001,0.7778174593052023,0.7778174593052023
7.490000000000001,2.540000000000001,0.7778174593052023,0.7778174593052023
7.490000000000001,2.5900000000000007,0.7778174593052023,0.7778174593052023
7.490000000000001,2.6400000000000006,0.7905694150420949,0.7905694150420949
7.490000000000001,2.6900000000000004,0.7905694150420949,0.7905694150420949
7.540000000000002,2.740000000000001,0.7810249675906654,0.7810249675906654
7.540000000000002,2.790000000000001,0.8062257748298549,0.8062257748298549
7.540000000000002,2.8400000000000007,0.7826237921249265,0.7826237921249265
7.540000000000002,2.8900000000000006,0.8062257748298549,0.8062257748298549
7.540000000000002,2.9400000000000004,0.7826237921249265,0.7826237921249265
7.540000000000002,2.990000000000001,0.8062257748298549,0.8062257748298549
7.540000000000002,3.040000000000001,0.7826237921249265,0.7826237921249265
7.540000000000002,3.0900000000000007,0.8062257748298549,0.8062257748298549
7.540000000000002,3.1400000000000006,0.7905694150420949,0.7905694150420949
7.540000000000002,3.1900000000000004,0.8062257748298549,0.8062257748298549
7.540000000000002,3.240000000000001,0.8139410298049854,0.8139410298049854
7.540000000000002,3.290000000000001,0.8062257748298549,0.8062257748298549
7.540000000000002,3.3400000000000007,0.8381527307120106,0.8381527307120106
7.540000000000002,3.3900000000000006,0.8246211251235321,0.8246211251235321
7.540000000000002,3.4400000000000004,0.8015609770940699,0.8015609770940699
7.540000000000002,3.490000000000001,0.8,0.8
7.490000000000001,3.540000000000001,0.8015609770940699,0.8015609770940699
7.490000000000001,3.5900000000000007,0.8,0.8
7.490000000000001,3.6400000000000006,0.8,0.8
7.44,3.6900000000000004,0.75,0.75
7.44,3.740000000000001,0.7516648189186454,0.7516648189186454
7.44,3.79,0.7566372975210779,0.7566372975210779
7.3900000000000015,3.8400000000000007,0.7648529270389178,0.7648529270389178
7.340000000000001,3.8900000000000015,0.7762087348130012,0.7762087348130012
7.340000000000001,3.9400000000000004,0.7905694150420949,0.7905694150420949
7.290000000000002,3.990000000000001,0.8,0.8
7.240000000000001,4.04,0.7905694150420949,0.7905694150420949
7.19,4.04,0.7762087348130012,0.7762087348130012
7.1400000000000015,4.090000000000001,0.75,0.75
7.090000000000001,4.1400000000000015,0.75,0.75
7.040000000000002,4.1400000000000015,0.75,0.75
6.990000000000001,4.19,0.75,0.75
6.94,4.19,0.75,0.75
6.8900000000000015,4.19,0.75,0.75
6.840000000000001,4.240000000000001,0.75,0.75
6.790000000000002,4.240000000000001,0.75,0.75
6.740000000000001,4.240000000000001,0.75,0.75
6.69,4.240000000000001,0.75,0.75
6.6400000000000015,4.240000000000001,0.75,0.75
6.590000000000001,4.240000000000001,0.75,0.75
6.540000000000002,4.240000000000001,0.75,0.75
6.490000000000001,4.29,0.75,0.75
6.44,4.29,0.75,0.75
6.3900000000000015,4.29,0.75,0.75
6.340000000000001,4.29,0.75,0.75
6.290000000000002,4.29,0.75,0.75
6.240000000000001,4.29,0.75,0.75
6.19,4.29,0.75,0.75
6.1400000000000015,4.29,0.7516648189186454,0.7516648189186454
6.090000000000001,4.29,0.75,0.75
6.040000000000002,4.29,0.75,0.75
5.990000000000001,4.29,0.75,0.75
5.94,4.240000000000001,0.75,0.75
5.8900000000000015,4.240000000000001,0.75,0.75
5.840000000000001,4.19,0.75,0.75
5.790000000000002,4.1400000000000015,0.75,0.75
5.740000000000001,4.1400000000000015,0.8,0.8
5.69,4.090000000000001,0.8,0.8
5.6400000000000015,4.04,0.8,0.8
5.590000000000001,3.990000000000001,0.8,0.8
5.540000000000002,3.9400000000000004,0.8,0.8
5.490000000000001,3.8900000000000015,0.8,0.8
5.490000000000001,3.8400000000000007,0.8,0.8
5.44,3.79,0.8,0.8
5.3900000000000015,3.740000000000001,0.8,0.8
5.340000000000001,3.6900000000000004,0.8,0.8
5.340000000000001,3.6400000000000006,0.8,0.8
5.290000000000002,3.5900000000000007,0.8015609770940699,0.8015609770940699
5.290000000000002,3.540000000000001,0.8062257748298549,0.8062257748298549
5.240000000000001,3.490000000000001,0.8139410298049854,0.8139410298049854
5.19,3.4400000000000004,0.8246211251235321,0.8246211251235321
5.1400000000000015,3.3900000000000006,0.8381527307120106,0.8381527307120106
5.1400000000000015,3.3400000000000007,0.8500000000000001,0.8500000000000001
5.090000000000001,3.290000000000001,0.8500000000000001,0.8500000000000001
5.040000000000002,3.240000000000001,0.8500000000000001,0.8500000000000001
4.990000000000001,3.1900000000000004,0.8500000000000001,0.8500000000000001
4.990000000000001,3.1400000000000006,0.8500000000000001,0.8500000000000001
4.94,3.0900000000000007,0.8500000000000001,0.8500000000000001
4.8900000000000015,3.040000000000001,0.8500000000000001,0.8500000000000001
4.8900000000000015,2.990000000000001,0.8500000000000001,0.8500000000000001
4.840000000000001,2.9400000000000004,0.8500000000000001,0.8500000000000001
4.790000000000002,2.8900000000000006,0.8500000000000001,0.8500000000000001
4.740000000000001,2.8400000000000007,0.8500000000000001,0.8500000000000001
4.69,2.790000000000001,0.8500000000000001,0.8500000000000001
4.6400000000000015,2.740000000000001,0.8500000000000001,0.8500000000000001
4.590000000000001,2.6900000000000004,0.8500000000000001,0.8500000000000001
4.540000000000002,2.6400000000000006,0.8500000000000001,0.8500000000000001
4.490000000000001,2.5900000000000007,0.8500000000000001,0.8500000000000001
4.44,2.540000000000001,0.8500000000000001,0.8500000000000001
4.3900000000000015,2.490000000000001,0.8500000000000001,0.8500000000000001
4.340000000000001,2.4400000000000004,0.8500000000000001,0.8500000000000001
4.290000000000002,2.3900000000000006,0.8500000000000001,0.8500000000000001
4.240000000000001,2.3400000000000007,0.8500000000000001,0.8500000000000001
4.19,2.290000000000001,0.8500000000000001,0.8500000000000001
4.1400000000000015,2.240000000000001,0.8500000000000001,0.8500000000000001
4.090000000000001,2.1900000000000004,0.8500000000000001,0.8500000000000001
4.040000000000002,2.1400000000000006,0.8500000000000001,0.8500000000000001
3.990000000000001,2.0900000000000007,0.8514693182963202,0.8514693182963202
3.9400000000000004,2.040000000000001,0.8558621384311845,0.8558621384311845
3.8900000000000015,1.990000000000001,0.912414379544733,0.912414379544733
3.8400000000000007,1.990000000000001,0.9219544457292888,0.9219544457292888
3.790000000000002,1.9400000000000004,0.9340770846134703,0.9340770846134703
3.740000000000001,1.8900000000000006,0.9486832980505139,0.9486832980505139
3.6900000000000004,1.8900000000000006,0.9500000000000001,0.9500000000000001
3.6400000000000015,1.8900000000000006,0.9500000000000001,0.9500000000000001
3.5900000000000007,1.8400000000000007,0.9500000000000001,0.9500000000000001
3.540000000000002,1.8400000000000007,0.9500000000000001,0.9500000000000001
3.490000000000001,1.790000000000001,0.9500000000000001,0.9500000000000001
3.4400000000000004,1.790000000000001,0.9500000000000001,0.9500000000000001
3.3900000000000015,1.740000000000001,0.9500000000000001,0.9500000000000001
3.3400000000000007,1.740000000000001,0.9500000000000001,0.9500000000000001
3.290000000000002,1.740000000000001,0.9500000000000001,0.9500000000000001
3.240000000000001,1.6900000000000004,0.9513148795220223,0.9513148795220223
3.1900000000000004,1.6900000000000004,0.95524865872714,0.95524865872714
3.1400000000000015,1.6900000000000004,0.9617692030835672,0.9617692030835672
3.0900000000000007,1.6400000000000006,0.97082439194738,0.97082439194738
3.040000000000002,1.6400000000000006,0.97082439194738,0.97082439194738
2.990000000000001,1.5900000000000007,0.9617692030835672,0.9617692030835672
2.9400000000000004,1.5900000000000007,0.95524865872714,0.95524865872714
2.8900000000000015,1.5900000000000007,0.9513148795220223,0.9513148795220223
2.8400000000000007,1.5900000000000007,0.9500000000000001,0.9500000000000001
2.79,1.5900000000000007,0.9500000000000001,0.9500000000000001
2.740000000000001,1.5900000000000007,0.9500000000000001,0.9500000000000001
2.6900000000000004,1.5900000000000007,0.9500000000000001,0.9500000000000001
2.6400000000000015,1.5900000000000007,0.9500000000000001,0.9500000000000001
2.5900000000000007,1.5900000000000007,0.9500000000000001,0.9500000000000001
2.54,1.5900000000000007,0.9500000000000001,0.9500000000000001
2.490000000000001,1.5900000000000007,0.9500000000000001,0.9500000000000001
2.4400000000000004,1.5900000000000007,0.9500000000000001,0.9500000000000001
2.3900000000000015,1.5900000000000007,0.9500000000000001,0.9500000000000001
2.3400000000000007,1.5900000000000007,0.9500000000000001,0.9500000000000001
2.29,1.5900000000000007,0.9500000000000001,0.9500000000000001
2.240000000000001,1.5900000000000007,0.9500000000000001,0.9500000000000001
2.1900000000000004,1.5900000000000007,0.9500000000000001,0.9500000000000001
2.1400000000000015,1.540000000000001,0.9500000000000001,0.9500000000000001
2.0900000000000007,1.540000000000001,0.9500000000000001,0.9500000000000001
2.04,1.540000000000001,0.9500000000000001,0.9500000000000001
1.990000000000001,1.5900000000000007,0.9500000000000001,0.9500000000000001
1.9400000000000004,1.5900000000000007,0.9500000000000001,0.9500000000000001
1.8900000000000015,1.5900000000000007,0.9500000000000001,0.9500000000000001
1.8400000000000007,1.5900000000000007,0.9500000000000001,0.9500000000000001
1.79,1.5900000000000007,0.9500000000000001,0.9500000000000001
1.740000000000001,1.5900000000000007,0.9500000000000001,0.9500000000000001
1.6900000000000004,1.5900000000000007,1.0,1.0
1.6400000000000015,1.6400000000000006,1.0,1.0
1.5900000000000007,1.6400000000000006,1.0,1.0
1.54,1.6400000000000006,1.0012492197250393,1.0012492197250393
1.490000000000001,1.6900000000000004,1.0,1.0
1.4400000000000004,1.6900000000000004,1.0012492197250393,1.0012492197250393
1.3900000000000006,1.6900000000000004,1.0012492197250393,1.0012492197250393
1.3400000000000007,1.740000000000001,1.0,1.0
1.290000000000001,1.740000000000001,1.0012492197250393,1.0012492197250393
1.240000000000001,1.790000000000001,1.0,1.0
1.1900000000000004,1.790000000000001,1.0,1.0
1.1400000000000006,1.8400000000000007,1.0,1.0
1.0900000000000007,1.8900000000000006,1.0,1.0
1.040000000000001,1.8900000000000006,1.0,1.0
0.9900000000000011,1.9400000000000004,1.0,1.0
0.9400000000000004,1.990000000000001,1.0,1.0
0.8900000000000006,2.040000000000001,1.05,1.05
0.8400000000000007,2.0900000000000007,1.05,1.05
0.7900000000000009,2.1400000000000006,1.044030650891055,1.044030650891055
0.7400000000000011,2.1900000000000004,1.0307764064044151,1.0307764064044151
0.7400000000000011,2.240000000000001,1.019803902718557,1.019803902718557
0.6900000000000004,2.290000000000001,1.0111874208078342,1.0111874208078342
0.6400000000000006,2.3400000000000007,1.004987562112089,1.004987562112089
0.5900000000000007,2.3900000000000006,1.0012492197250393,1.0012492197250393
0.5400000000000009,2.4400000000000004,1.0,1.0
0.4900000000000011,2.490000000000001,1.0,1.0
0.4400000000000004,2.540000000000001,1.0,1.0
0.39000000000000057,2.5900000000000007,1.0012492197250393,1.0012492197250393
0.34000000000000075,2.6400000000000006,1.0,1.0
0.2900000000000009,2.6900000000000004,1.0,1.0
0.2400000000000011,2.740000000000001,1.0,1.0
0.2400000000000011,2.790000000000001,1.0,1.0
0.1900000000000004,2.8400000000000007,1.0,1.0
0.14000000000000057,2.8900000000000006,1.0,1.0
0.09000000000000075,2.9400000000000004,1.0,1.0
0.09000000000000075,2.990000000000001,0.9513148795220223,0.9513148795220223
0.040000000000000924,3.040000000000001,0.9500000000000001,0.9500000000000001
-0.009999999999998899,3.0900000000000007,0.9513148795220223,0.9513148795220223
-0.009999999999998899,3.1400000000000006,0.9500000000000001,0.9500000000000001
-0.05999999999999961,3.1900000000000004,0.9500000000000001,0.9500000000000001
-0.10999999999999943,3.240000000000001,0.9500000000000001,0.9500000000000001
-0.15999999999999925,3.290000000000001,0.9500000000000001,0.9500000000000001
-0.20999999999999908,3.3400000000000007,0.9513148795220223,0.9513148795220223
-0.2599999999999989,3.3900000000000006,0.95524865872714,0.95524865872714
-0.3099999999999996,3.4400000000000004,0.9617692030835672,0.9617692030835672
-0.35999999999999943,3.490000000000001,0.97082439194738,0.97082439194738
-0.40999999999999925,3.540000000000001,0.982344135219425,0.982344135219425
-0.4599999999999991,3.5900000000000007,0.9962429422585638,0.9962429422585638
-0.5099999999999989,3.6400000000000006,1.0,1.0
-0.5599999999999996,3.6400000000000006,1.0,1.0
-0.6099999999999994,3.6900000000000004,1.0,1.0
-0.6599999999999993,3.740000000000001,1.0,1.0
-0.7099999999999991,3.740000000000001,0.9962429422585638,0.9962429422585638
-0.7599999999999989,3.79,0.982344135219425,0.982344135219425
-0.8099999999999996,3.79,0.9500000000000001,0.9500000000000001
-0.8599999999999994,3.8400000000000007,0.9500000000000001,0.9500000000000001
-0.9099999999999993,3.8400000000000007,0.9500000000000001,0.9500000000000001
-0.9599999999999991,3.8400000000000007,0.9500000000000001,0.9500000000000001
-1.009999999999999,3.8400000000000007,0.9500000000000001,0.9500000000000001
-1.0599999999999996,3.8400000000000007,0.9500000000000001,0.9500000000000001
-1.1099999999999994,3.8400000000000007,0.9500000000000001,0.9500000000000001
-1.1599999999999993,3.8400000000000007,0.9500000000000001,0.9500000000000001
-1.209999999999999,3.8400000000000007,0.9500000000000001,0.9500000000000001
-1.259999999999999,3.8900000000000015,0.9500000000000001,0.9500000000000001
-1.3099999999999996,3.8900000000000015,0.9500000000000001,0.9500000000000001
-1.3599999999999994,3.8900000000000015,0.9500000000000001,0.9500000000000001
-1.4099999999999993,3.8900000000000015,0.9500000000000001,0.9500000000000001
-1.459999999999999,3.8900000000000015,0.9500000000000001,0.9500000000000001
-1.509999999999999,3.8900000000000015,0.9500000000000001,0.9500000000000001
-1.5599999999999996,3.8900000000000015,0.9513148795220223,0.9513148795220223
-1.6099999999999994,3.8900000000000015,0.95524865872714,0.95524865872714
-1.6599999999999993,3.8900000000000015,0.9617692030835672,0.9617692030835672
-1.709999999999999,3.8900000000000015,0.97082439194738,0.97082439194738
-1.759999999999999,3.8900000000000015,0.982344135219425,0.982344135219425
-1.8099999999999996,3.8900000000000015,0.9962429422585638,0.9962429422585638
-1.8599999999999994,3.8900000000000015,1.0,1.0
-1.9099999999999993,3.8900000000000015,1.0,1.0
-1.959999999999999,3.8900000000000015,1.0,1.0
-2.01,3.8900000000000015,1.0,1.0
-2.0599999999999996,3.8400000000000007,1.0,1.0
-2.1099999999999994,3.8400000000000007,1.0,1.0
-2.1599999999999993,3.8400000000000007,1.0,1.0
-2.209999999999999,3.8400000000000007,1.0,1.0
-2.26,3.8400000000000007,1.0,1.0
-2.3099999999999996,3.8400000000000007,1.0,1.0
-2.3599999999999994,3.8400000000000007,1.0,1.0
-2.4099999999999993,3.8400000000000007,1.0012492197250393,1.0012492197250393
-2.459999999999999,3.8400000000000007,1.004987562112089,1.004987562112089
-2.51,3.79,1.0111874208078342,1.0111874208078342
-2.5599999999999996,3.79,1.019803902718557,1.019803902718557
-2.6099999999999994,3.79,1.0307764064044151,1.0307764064044151
-2.6599999999999993,3.79,1.044030650891055,1.044030650891055
-2.7099999999999995,3.740000000000001,1.05,1.05
-2.7599999999999993,3.740000000000001,1.05,1.05
-2.8099999999999996,3.740000000000001,1.05,1.05
-2.8599999999999994,3.740000000000001,1.05,1.05
-2.9099999999999993,3.6900000000000004,1.05,1.05
-2.9599999999999995,3.6900000000000004,1.05,1.05
-3.0099999999999993,3.6900000000000004,1.05,1.05
-3.0599999999999996,3.6400000000000006,1.05,1.05
-3.1099999999999994,3.6400000000000006,1.05,1.05
-3.1599999999999993,3.5900000000000007,1.05,1.05
-3.2099999999999995,3.5900000000000007,1.05,1.05
-3.2599999999999993,3.5900000000000007,1.05,1.05
-3.3099999999999996,3.5900000000000007,1.05,1.05
-3.3599999999999994,3.540000000000001,1.05,1.05
-3.4099999999999993,3.540000000000001,1.05,1.05
-3.4599999999999995,3.490000000000001,1.05,1.05
-3.5099999999999993,3.490000000000001,1.05,1.05
-3.5599999999999996,3.490000000000001,1.05,1.05
-3.6099999999999994,3.4400000000000004,1.05,1.05
-3.6599999999999993,3.4400000000000004,1.05,1.05
-3.7099999999999995,3.4400000000000004,1.05,1.05
-3.7599999999999993,3.3900000000000006,1.05,1.05
-3.8099999999999996,3.3900000000000006,1.05,1.05
-3.8599999999999994,3.3400000000000007,1.05,1.05
-3.9099999999999993,3.3400000000000007,1.05,1.05
-3.9599999999999995,3.290000000000001,1.05,1.05
-4.01,3.290000000000001,1.05,1.05
-4.06,3.240000000000001,1.05,1.05
-4.109999999999999,3.1900000000000004,1.05,1.05
-4.159999999999999,3.1900000000000004,1.05,1.05
-4.209999999999999,3.1400000000000006,1.05,1.05
-4.26,3.0900000000000007,1.05,1.05
-4.31,3.0900000000000007,1.05,1.05
-4.359999999999999,3.040000000000001,1.05,1.05
-4.41,2.990000000000001,1.05,1.05
-4.459999999999999,2.9400000000000004,1.05,1.05
-4.51,2.8900000000000006,1.05,1.05
-4.56,2.8400000000000007,1.05,1.05
-4.609999999999999,2.790000000000001,1.05,1.05
-4.659999999999999,2.740000000000001,1.05,1.05
-4.709999999999999,2.6900000000000004,1.05,1.05
-4.76,2.6400000000000006,1.05,1.05
-4.81,2.5900000000000007,1.05,1.05
-4.81,2.540000000000001,1.05,1.05
-4.859999999999999,2.490000000000001,1.05,1.05
-4.909999999999999,2.4400000000000004,1.05,1.05
-4.909999999999999,2.3900000000000006,1.05,1.05
-4.909999999999999,2.3400000000000007,1.05,1.05
-4.959999999999999,2.290000000000001,1.05,1.05
-4.959999999999999,2.240000000000001,1.05,1.05
-5.01,2.1900000000000004,1.05,1.05
-5.01,2.1400000000000006,1.05,1.05
-5.01,2.0900000000000007,1.05,1.05
-5.01,2.040000000000001,1.05,1.05
-5.06,1.990000000000001,1.05,1.05
-5.06,1.9400000000000004,1.05,1.05
-5.06,1.8900000000000006,1.05,1.05
-5.06,1.8400000000000007,1.05,1.05
-5.06,1.790000000000001,1.05,1.05
-5.06,1.740000000000001,1.05,1.05
-5.06,1.6900000000000004,1.1,1.1
-5.06,1.6400000000000006,1.1,1.1
-5.06,1.5900000000000007,1.1,1.1
-5.06,1.540000000000001,1.1,1.1
-5.109999999999999,1.490000000000001,1.1,1.1
-5.109999999999999,1.4400000000000004,1.1500000000000001,1.1500000000000001
-5.109999999999999,1.3900000000000006,1.1500000000000001,1.1500000000000001
-5.109999999999999,1.3400000000000007,1.1500000000000001,1.1500000000000001
-5.109999999999999,1.290000000000001,1.1884864324004714,1.1884864324004714
-5.109999999999999,1.240000000000001,1.176860229593982,1.176860229593982
-5.109999999999999,1.1900000000000004,1.1672617529928753,1.1672617529928753
-5.109999999999999,1.1400000000000006,1.2093386622447824,1.2093386622447824
-5.109999999999999,1.0900000000000007,1.2041594578792296,1.2041594578792296
-5.109999999999999,1.040000000000001,1.2509996003196804,1.2509996003196804
-5.109999999999999,0.9900000000000011,1.25,1.25
-5.109999999999999,0.9400000000000004,1.25,1.25
-5.109999999999999,0.8900000000000006,1.2854960132182442,1.2854960132182442
-5.109999999999999,0.8400000000000007,1.3238202294873727,1.3238202294873727
-5.109999999999999,0.7900000000000009,1.3152946437965907,1.3152946437965907
-5.109999999999999,0.7400000000000011,1.3086252328302401,1.3086252328302401
-5.109999999999999,0.6900000000000004,1.35,1.35
-5.109999999999999,0.6400000000000006,1.35,1.35
-5.109999999999999,0.5900000000000007,1.3,1.3
-5.109999999999999,0.5400000000000009,1.25,1.25
-5.109999999999999,0.4900000000000011,1.25,1.25
-5.109999999999999,0.4400000000000004,1.2000000000000002,1.2000000000000002
-5.109999999999999,0.39000000000000057,1.2000000000000002,1.2000000000000002
-5.109999999999999,0.34000000000000075,1.2000000000000002,1.2000000000000002
-5.109999999999999,0.2900000000000009,1.1500000000000001,1.1500000000000001
-5.109999999999999,0.2400000000000002,1.1510864433221337,1.1510864433221337
-5.109999999999999,0.1900000000000004,1.1500000000000001,1.1500000000000001
-5.109999999999999,0.14000000000000057,1.1500000000000001,1.1500000000000001
